{
  "scaler": {
    "min_values": [
      0.0,
      0.0,
      2016.0,
      1.0,
      1.0,
      0.0,
      1.0,
      1.0,
      -1.0,
      -1.0,
      -0.9749279121818236,
      -0.2225209339563146,
      1033.0,
      300.0,
      1033.0,
      300.0,
      1033.0,
      300.0,
      1033.0,
      300.0,
      1033.0,
      300.0,
      1362.142857142857,
      0.0,
      1412.6923076923076,
      0.0,
      1408.8620689655172,
      0.0,
      -0.5195348837209302,
      -0.5330018083182639
    ],
    "max_values": [
      8.0,
      3.0,
      2025.0,
      12.0,
      31.0,
      5.0,
      53.0,
      4.0,
      1.0,
      1.0,
      0.9749279121818236,
      1.0,
      6500.0,
      6500.0,
      6500.0,
      6500.0,
      6500.0,
      6500.0,
      6500.0,
      6500.0,
      6500.0,
      6500.0,
      6392.142857142857,
      1002.853072844813,
      6350.857142857143,
      911.9249655849669,
      6060.966666666666,
      872.1093467241811,
      1.0588235294117645,
      1.3333333333333335
    ],
    "feature_range": [
      0.0,
      1.0
    ]
  },
  "district_encoder": {
    "classes": [
      "Badulla",
      "Colombo",
      "Galle",
      "Gampaha",
      "Hambantota",
      "Kalutara",
      "Matara",
      "Monaragala",
      "Ratnapura"
    ],
    "mapping": {
      "Badulla": 0,
      "Colombo": 1,
      "Galle": 2,
      "Gampaha": 3,
      "Hambantota": 4,
      "Kalutara": 5,
      "Matara": 6,
      "Monaragala": 7,
      "Ratnapura": 8
    }
  },
  "grade_encoder": {
    "classes": [
      "Alba",
      "C-4",
      "C-5",
      "C-5 Sp"
    ],
    "mapping": {
      "Alba": 0,
      "C-4": 1,
      "C-5": 2,
      "C-5 Sp": 3
    }
  },
  "feature_columns": [
    "district_encoded",
    "grade_encoded",
    "year",
    "month",
    "day",
    "day_of_week",
    "week_of_year",
    "quarter",
    "month_sin",
    "month_cos",
    "day_sin",
    "day_cos",
    "average_price_rs_kg",
    "highest_price_rs_kg",
    "avg_price_lag_1",
    "high_price_lag_1",
    "avg_price_lag_7",
    "high_price_lag_7",
    "avg_price_lag_14",
    "high_price_lag_14",
    "avg_price_lag_30",
    "high_price_lag_30",
    "avg_price_roll_mean_7",
    "avg_price_roll_std_7",
    "avg_price_roll_mean_14",
    "avg_price_roll_std_14",
    "avg_price_roll_mean_30",
    "avg_price_roll_std_30",
    "price_change_7d",
    "price_change_30d"
  ],
  "config": {
    "grades_to_predict": [
      "Alba",
      "C-5 Sp",
      "C-5",
      "C-4"
    ],
    "lookback_days": 7,
    "forecast_days": 7,
    "batch_size": 32,
    "epochs": 50,
    "learning_rate": 0.001,
    "validation_split": 0.15,
    "test_split": 0.15
  },
  "num_features": 30,
  "lookback_days": 7,
  "forecast_days": 7
}